{
  "adjacency_matrix": [
    [
      0.0,
      83.5001463199109,
      35.91146526148655,
      65.93270819906805,
      68.66884162703127,
      68.87767918434035,
      35.78426359609087,
      34.92795305542691
    ],
    [
      83.5001463199109,
      0.0,
      33.017246369457595,
      36.49896788541987,
      19.01637874861889,
      14.769798002749646,
      21.076863679337123,
      33.31647562006351
    ],
    [
      35.91146526148655,
      33.017246369457595,
      0.0,
      23.23101158739008,
      52.371948911274586,
      15.540621342526533,
      83.51624171361541,
      84.15088665514024
    ],
    [
      65.93270819906805,
      36.49896788541987,
      23.23101158739008,
      0.0,
      46.52343152031372,
      69.45755083615234,
      32.45670406033189,
      16.434610303425234
    ],
    [
      68.66884162703127,
      19.01637874861889,
      52.371948911274586,
      46.52343152031372,
      0.0,
      29.544735919864596,
      50.486092863423906,
      19.750883356961396
    ],
    [
      68.87767918434035,
      14.769798002749646,
      15.540621342526533,
      69.45755083615234,
      29.544735919864596,
      0.0,
      32.15488905993158,
      48.15708155910062
    ],
    [
      35.78426359609087,
      21.076863679337123,
      83.51624171361541,
      32.45670406033189,
      50.486092863423906,
      32.15488905993158,
      0.0,
      48.248929308934464
    ],
    [
      34.92795305542691,
      33.31647562006351,
      84.15088665514024,
      16.434610303425234,
      19.750883356961396,
      48.15708155910062,
      48.248929308934464,
      0.0
    ]
  ],
  "node_centrality": {
    "node_00": 0.0,
    "node_01": 0.047619047619047616,
    "node_02": 0.0,
    "node_03": 0.0,
    "node_04": 0.0,
    "node_05": 0.0,
    "node_06": 0.0,
    "node_07": 0.0
  },
  "link_reliability": {
    "link_0_1": 0.835001463199109,
    "link_0_2": 0.35911465261486547,
    "link_0_3": 0.6593270819906805,
    "link_0_4": 0.6866884162703127,
    "link_0_5": 0.6887767918434036,
    "link_0_6": 0.35784263596090865,
    "link_0_7": 0.34927953055426914,
    "link_1_0": 0.835001463199109,
    "link_1_2": 0.330172463694576,
    "link_1_3": 0.36498967885419875,
    "link_1_4": 0.1901637874861889,
    "link_1_5": 0.14769798002749646,
    "link_1_6": 0.21076863679337124,
    "link_1_7": 0.33316475620063507,
    "link_2_0": 0.35911465261486547,
    "link_2_1": 0.330172463694576,
    "link_2_3": 0.2323101158739008,
    "link_2_4": 0.5237194891127459,
    "link_2_5": 0.15540621342526534,
    "link_2_6": 0.8351624171361541,
    "link_2_7": 0.8415088665514024,
    "link_3_0": 0.6593270819906805,
    "link_3_1": 0.36498967885419875,
    "link_3_2": 0.2323101158739008,
    "link_3_4": 0.46523431520313724,
    "link_3_5": 0.6945755083615234,
    "link_3_6": 0.32456704060331887,
    "link_3_7": 0.16434610303425234,
    "link_4_0": 0.6866884162703127,
    "link_4_1": 0.1901637874861889,
    "link_4_2": 0.5237194891127459,
    "link_4_3": 0.46523431520313724,
    "link_4_5": 0.29544735919864595,
    "link_4_6": 0.504860928634239,
    "link_4_7": 0.19750883356961396,
    "link_5_0": 0.6887767918434036,
    "link_5_1": 0.14769798002749646,
    "link_5_2": 0.15540621342526534,
    "link_5_3": 0.6945755083615234,
    "link_5_4": 0.29544735919864595,
    "link_5_6": 0.3215488905993158,
    "link_5_7": 0.4815708155910062,
    "link_6_0": 0.35784263596090865,
    "link_6_1": 0.21076863679337124,
    "link_6_2": 0.8351624171361541,
    "link_6_3": 0.32456704060331887,
    "link_6_4": 0.504860928634239,
    "link_6_5": 0.3215488905993158,
    "link_6_7": 0.48248929308934463,
    "link_7_0": 0.34927953055426914,
    "link_7_1": 0.33316475620063507,
    "link_7_2": 0.8415088665514024,
    "link_7_3": 0.16434610303425234,
    "link_7_4": 0.19750883356961396,
    "link_7_5": 0.4815708155910062,
    "link_7_6": 0.48248929308934463
  }
}